gender,default_rate
M,0.122807018
F,0.141666667
