age,default_rate
61,0.285714286
71,0.2
56,0.142857143
73,0.2
49,0.125
44,1
51,0.1
42,0
65,0
84,0.25
60,0.2
50,0
52,0
83,0
45,0
76,0
54,0
41,0.333333333
72,0.75
68,0.166666667
70,0.166666667
80,0.285714286
46,0
77,0.333333333
67,0.25
43,0.25
74,0.2
79,0.076923077
78,0
47,0
69,0
66,0.333333333
81,0
59,0
58,0
62,0.1
63,0
75,0
55,0.142857143
64,0
53,0.5
82,0.25
48,0
57,0
40,0
39,0
